Year,Season,Crop Category,Area (Ha),Production (qtn/Year),Productivity (Kg/Ha),Irrigation Requirement (mm),Rainfall (mm),Cost of Cultivation (Rs./Ha),Total Water Requirement (ML)
2010,Kharif,Cereals,53795.0,792.94,14.74,432.02,584.32,76158.0,2324051.59
2011,Kharif,Cereals,54870.9,820.93,14.96,432.02,584.32,78442.74,2370532.62
2012,Kharif,Cereals,55968.32,849.91,15.19,432.02,584.32,80796.02,2417943.27
2013,Kharif,Cereals,57087.68,879.91,15.41,432.02,584.32,83219.9,2466302.14
2014,Kharif,Cereals,58229.44,910.97,15.64,432.02,584.32,85716.5,2515628.18
2015,Kharif,Cereals,59394.03,943.13,15.88,432.02,584.32,88287.99,2565940.75
2016,Kharif,Cereals,60581.91,976.42,16.12,432.02,584.32,90936.63,2617259.56
2017,Kharif,Cereals,61793.55,1010.89,16.36,432.02,584.32,93664.73,2669604.75
2018,Kharif,Cereals,63029.42,1046.57,16.6,432.02,584.32,96474.68,2722996.85
2019,Kharif,Cereals,64290.0,1083.52,16.85,432.02,584.32,99368.92,2777456.78
2020,Kharif,Cereals,65575.8,1121.76,17.11,432.02,584.32,102349.98,2833005.92
2021,Kharif,Cereals,66887.32,1161.36,17.36,432.02,584.32,105420.48,2889666.04
2022,Kharif,Cereals,68225.07,1202.36,17.62,432.02,584.32,108583.1,2947459.36
2023,Kharif,Cereals,69589.57,1244.8,17.89,432.02,584.32,111840.59,3006408.55
2024,Kharif,Cereals,70981.36,1288.74,18.16,432.02,584.32,115195.81,3066536.72
2025,Kharif,Cereals,72400.99,1334.24,18.43,432.02,584.32,118651.68,3127867.45
2026,Kharif,Cereals,73849.01,1381.33,18.7,432.02,584.32,122211.23,3190424.8
2027,Kharif,Cereals,75325.99,1430.1,18.99,432.02,584.32,125877.57,3254233.3
2028,Kharif,Cereals,76832.51,1480.58,19.27,432.02,584.32,129653.9,3319317.96
2029,Kharif,Cereals,78369.16,1532.84,19.56,432.02,584.32,133543.51,3385704.32
2030,Kharif,Cereals,79936.54,1586.95,19.85,432.02,584.32,137549.82,3453418.41
2031,Kharif,Cereals,81535.27,1642.97,20.15,432.02,584.32,141676.31,3522486.78
2032,Kharif,Cereals,83165.98,1700.97,20.45,432.02,584.32,145926.6,3592936.51
2033,Kharif,Cereals,84829.3,1761.01,20.76,432.02,584.32,150304.4,3664795.24
2034,Kharif,Cereals,86525.88,1823.18,21.07,432.02,584.32,154813.53,3738091.15
2035,Kharif,Cereals,88256.4,1887.53,21.39,432.02,584.32,159457.94,3812852.97
2036,Kharif,Cereals,90021.53,1954.16,21.71,432.02,584.32,164241.68,3889110.03
2037,Kharif,Cereals,91821.96,2023.15,22.03,432.02,584.32,169168.93,3966892.23
2038,Kharif,Cereals,93658.4,2094.56,22.36,432.02,584.32,174244.0,4046230.07
2039,Kharif,Cereals,95531.57,2168.5,22.7,432.02,584.32,179471.32,4127154.68
2040,Kharif,Cereals,97442.2,2245.05,23.04,432.02,584.32,184855.46,4209697.77
2041,Kharif,Cereals,99391.04,2324.3,23.39,432.02,584.32,190401.12,4293891.72
2042,Kharif,Cereals,101378.86,2406.35,23.74,432.02,584.32,196113.15,4379769.56
2043,Kharif,Cereals,103406.44,2491.29,24.09,432.02,584.32,201996.55,4467364.95
2044,Kharif,Cereals,105474.57,2579.23,24.45,432.02,584.32,208056.44,4556712.25
2045,Kharif,Cereals,107584.06,2670.28,24.82,432.02,584.32,214298.14,4647846.49
2046,Kharif,Cereals,109735.74,2764.54,25.19,432.02,584.32,220727.08,4740803.42
2047,Kharif,Cereals,111930.45,2862.13,25.57,432.02,584.32,227348.89,4835619.49
2048,Kharif,Cereals,114169.06,2963.16,25.95,432.02,584.32,234169.36,4932331.88
2049,Kharif,Cereals,116452.44,3067.76,26.34,432.02,584.32,241194.44,5030978.52
2050,Kharif,Cereals,118781.49,3176.05,26.74,432.02,584.32,248430.27,5131598.09
2010,Kharif,Coarse Cereals,66228.0,1188.13,17.94,359.81,696.78,57639.0,2382949.67
2011,Kharif,Coarse Cereals,67552.56,1230.07,18.21,359.81,696.78,59368.17,2430608.66
2012,Kharif,Coarse Cereals,68903.61,1273.49,18.48,359.81,696.78,61149.22,2479220.83
2013,Kharif,Coarse Cereals,70281.68,1318.45,18.76,359.81,696.78,62983.69,2528805.25
2014,Kharif,Coarse Cereals,71687.32,1364.99,19.04,359.81,696.78,64873.2,2579381.36
2015,Kharif,Coarse Cereals,73121.06,1413.17,19.33,359.81,696.78,66819.4,2630968.98
2016,Kharif,Coarse Cereals,74583.48,1463.06,19.62,359.81,696.78,68823.98,2683588.36
2017,Kharif,Coarse Cereals,76075.15,1514.7,19.91,359.81,696.78,70888.7,2737260.13
2018,Kharif,Coarse Cereals,77596.66,1568.17,20.21,359.81,696.78,73015.36,2792005.33
2019,Kharif,Coarse Cereals,79148.59,1623.53,20.51,359.81,696.78,75205.82,2847845.44
2020,Kharif,Coarse Cereals,80731.56,1680.84,20.82,359.81,696.78,77462.0,2904802.35
2021,Kharif,Coarse Cereals,82346.19,1740.17,21.13,359.81,696.78,79785.86,2962898.4
2022,Kharif,Coarse Cereals,83993.12,1801.6,21.45,359.81,696.78,82179.43,3022156.36
2023,Kharif,Coarse Cereals,85672.98,1865.2,21.77,359.81,696.78,84644.81,3082599.49
2024,Kharif,Coarse Cereals,87386.44,1931.04,22.1,359.81,696.78,87184.16,3144251.48
2025,Kharif,Coarse Cereals,89134.17,1999.2,22.43,359.81,696.78,89799.68,3207136.51
2026,Kharif,Coarse Cereals,90916.85,2069.78,22.77,359.81,696.78,92493.67,3271279.24
2027,Kharif,Coarse Cereals,92735.19,2142.84,23.11,359.81,696.78,95268.48,3336704.82
2028,Kharif,Coarse Cereals,94589.89,2218.48,23.45,359.81,696.78,98126.54,3403438.92
2029,Kharif,Coarse Cereals,96481.69,2296.79,23.81,359.81,696.78,101070.34,3471507.7
2030,Kharif,Coarse Cereals,98411.32,2377.87,24.16,359.81,696.78,104102.45,3540937.85
2031,Kharif,Coarse Cereals,100379.55,2461.81,24.53,359.81,696.78,107225.52,3611756.61
2032,Kharif,Coarse Cereals,102387.14,2548.71,24.89,359.81,696.78,110442.28,3683991.74
2033,Kharif,Coarse Cereals,104434.88,2638.68,25.27,359.81,696.78,113755.55,3757671.58
2034,Kharif,Coarse Cereals,106523.58,2731.83,25.65,359.81,696.78,117168.22,3832825.01
2035,Kharif,Coarse Cereals,108654.05,2828.26,26.03,359.81,696.78,120683.27,3909481.51
2036,Kharif,Coarse Cereals,110827.13,2928.1,26.42,359.81,696.78,124303.76,3987671.14
2037,Kharif,Coarse Cereals,113043.68,3031.46,26.82,359.81,696.78,128032.88,4067424.56
2038,Kharif,Coarse Cereals,115304.55,3138.47,27.22,359.81,696.78,131873.86,4148773.05
2039,Kharif,Coarse Cereals,117610.64,3249.26,27.63,359.81,696.78,135830.08,4231748.52
2040,Kharif,Coarse Cereals,119962.85,3363.96,28.04,359.81,696.78,139904.98,4316383.49
2041,Kharif,Coarse Cereals,122362.11,3482.71,28.46,359.81,696.78,144102.13,4402711.16
2042,Kharif,Coarse Cereals,124809.35,3605.64,28.89,359.81,696.78,148425.19,4490765.38
2043,Kharif,Coarse Cereals,127305.54,3732.92,29.32,359.81,696.78,152877.95,4580580.69
2044,Kharif,Coarse Cereals,129851.65,3864.7,29.76,359.81,696.78,157464.29,4672192.3
2045,Kharif,Coarse Cereals,132448.69,4001.12,30.21,359.81,696.78,162188.22,4765636.15
2046,Kharif,Coarse Cereals,135097.66,4142.36,30.66,359.81,696.78,167053.86,4860948.87
2047,Kharif,Coarse Cereals,137799.61,4288.58,31.12,359.81,696.78,172065.48,4958167.85
2048,Kharif,Coarse Cereals,140555.6,4439.97,31.59,359.81,696.78,177227.44,5057331.2
2049,Kharif,Coarse Cereals,143366.72,4596.7,32.06,359.81,696.78,182544.27,5158477.83
2050,Kharif,Coarse Cereals,146234.05,4758.97,32.54,359.81,696.78,188020.6,5261647.38
2010,Kharif,Cotton,1706.0,1.19,0.7,497.76,344.15,27669.0,84917.86
2011,Kharif,Cotton,1740.12,1.24,0.71,497.76,344.15,28499.07,86616.21
2012,Kharif,Cotton,1774.92,1.28,0.72,497.76,344.15,29354.04,88348.54
2013,Kharif,Cotton,1810.42,1.33,0.73,497.76,344.15,30234.66,90115.51
2014,Kharif,Cotton,1846.63,1.37,0.74,497.76,344.15,31141.7,91917.82
2015,Kharif,Cotton,1883.56,1.42,0.75,497.76,344.15,32075.95,93756.17
2016,Kharif,Cotton,1921.23,1.47,0.77,497.76,344.15,33038.23,95631.3
2017,Kharif,Cotton,1959.66,1.52,0.78,497.76,344.15,34029.38,97543.92
2018,Kharif,Cotton,1998.85,1.58,0.79,497.76,344.15,35050.26,99494.8
2019,Kharif,Cotton,2038.83,1.63,0.8,497.76,344.15,36101.77,101484.7
2020,Kharif,Cotton,2079.6,1.69,0.81,497.76,344.15,37184.82,103514.39
2021,Kharif,Cotton,2121.2,1.75,0.82,497.76,344.15,38300.37,105584.68
2022,Kharif,Cotton,2163.62,1.81,0.84,497.76,344.15,39449.38,107696.37
2023,Kharif,Cotton,2206.89,1.87,0.85,497.76,344.15,40632.86,109850.3
2024,Kharif,Cotton,2251.03,1.94,0.86,497.76,344.15,41851.85,112047.31
2025,Kharif,Cotton,2296.05,2.01,0.88,497.76,344.15,43107.4,114288.25
2026,Kharif,Cotton,2341.97,2.08,0.89,497.76,344.15,44400.62,116574.02
2027,Kharif,Cotton,2388.81,2.15,0.9,497.76,344.15,45732.64,118905.5
2028,Kharif,Cotton,2436.59,2.23,0.92,497.76,344.15,47104.62,121283.61
2029,Kharif,Cotton,2485.32,2.31,0.93,497.76,344.15,48517.76,123709.28
2030,Kharif,Cotton,2535.03,2.39,0.94,497.76,344.15,49973.29,126183.47
2031,Kharif,Cotton,2585.73,2.47,0.96,497.76,344.15,51472.49,128707.14
2032,Kharif,Cotton,2637.44,2.56,0.97,497.76,344.15,53016.67,131281.28
2033,Kharif,Cotton,2690.19,2.65,0.99,497.76,344.15,54607.17,133906.9
2034,Kharif,Cotton,2743.99,2.75,1.0,497.76,344.15,56245.38,136585.04
2035,Kharif,Cotton,2798.87,2.84,1.02,497.76,344.15,57932.74,139316.74
2036,Kharif,Cotton,2854.85,2.94,1.03,497.76,344.15,59670.72,142103.08
2037,Kharif,Cotton,2911.95,3.05,1.05,497.76,344.15,61460.85,144945.14
2038,Kharif,Cotton,2970.19,3.15,1.06,497.76,344.15,63304.67,147844.04
2039,Kharif,Cotton,3029.59,3.27,1.08,497.76,344.15,65203.81,150800.92
2040,Kharif,Cotton,3090.18,3.38,1.09,497.76,344.15,67159.93,153816.94
2041,Kharif,Cotton,3151.99,3.5,1.11,497.76,344.15,69174.72,156893.28
2042,Kharif,Cotton,3215.03,3.62,1.13,497.76,344.15,71249.96,160031.15
2043,Kharif,Cotton,3279.33,3.75,1.14,497.76,344.15,73387.46,163231.77
2044,Kharif,Cotton,3344.91,3.88,1.16,497.76,344.15,75589.09,166496.4
2045,Kharif,Cotton,3411.81,4.02,1.18,497.76,344.15,77856.76,169826.33
2046,Kharif,Cotton,3480.05,4.16,1.2,497.76,344.15,80192.46,173222.86
2047,Kharif,Cotton,3549.65,4.31,1.21,497.76,344.15,82598.24,176687.32
2048,Kharif,Cotton,3620.64,4.46,1.23,497.76,344.15,85076.18,180221.06
2049,Kharif,Cotton,3693.05,4.62,1.25,497.76,344.15,87628.47,183825.48
2050,Kharif,Cotton,3766.92,4.78,1.27,497.76,344.15,90257.32,187501.99
2010,Kharif,Fruit crop,16624.0,765.7,46.06,541.36,914.6,74384.0,899956.86
2011,Kharif,Fruit crop,16956.48,792.73,46.75,541.36,914.6,76615.52,917956.0
2012,Kharif,Fruit crop,17295.61,820.71,47.45,541.36,914.6,78913.99,936315.12
2013,Kharif,Fruit crop,17641.52,849.69,48.16,541.36,914.6,81281.41,955041.42
2014,Kharif,Fruit crop,17994.35,879.68,48.89,541.36,914.6,83719.85,974142.25
2015,Kharif,Fruit crop,18354.24,910.73,49.62,541.36,914.6,86231.44,993625.1
2016,Kharif,Fruit crop,18721.32,942.88,50.36,541.36,914.6,88818.39,1013497.6
2017,Kharif,Fruit crop,19095.75,976.16,51.12,541.36,914.6,91482.94,1033767.55
2018,Kharif,Fruit crop,19477.67,1010.62,51.89,541.36,914.6,94227.43,1054442.9
2019,Kharif,Fruit crop,19867.22,1046.3,52.66,541.36,914.6,97054.25,1075531.76
2020,Kharif,Fruit crop,20264.56,1083.23,53.45,541.36,914.6,99965.88,1097042.4
2021,Kharif,Fruit crop,20669.85,1121.47,54.26,541.36,914.6,102964.85,1118983.24
2022,Kharif,Fruit crop,21083.25,1161.06,55.07,541.36,914.6,106053.8,1141362.91
2023,Kharif,Fruit crop,21504.92,1202.04,55.9,541.36,914.6,109235.41,1164190.17
2024,Kharif,Fruit crop,21935.01,1244.48,56.73,541.36,914.6,112512.47,1187473.97
2025,Kharif,Fruit crop,22373.72,1288.41,57.59,541.36,914.6,115887.85,1211223.45
2026,Kharif,Fruit crop,22821.19,1333.89,58.45,541.36,914.6,119364.48,1235447.92
2027,Kharif,Fruit crop,23277.61,1380.97,59.33,541.36,914.6,122945.42,1260156.88
2028,Kharif,Fruit crop,23743.17,1429.72,60.22,541.36,914.6,126633.78,1285360.01
2029,Kharif,Fruit crop,24218.03,1480.19,61.12,541.36,914.6,130432.79,1311067.21
2030,Kharif,Fruit crop,24702.39,1532.44,62.04,541.36,914.6,134345.78,1337288.56
2031,Kharif,Fruit crop,25196.44,1586.54,62.97,541.36,914.6,138376.15,1364034.33
2032,Kharif,Fruit crop,25700.37,1642.54,63.91,541.36,914.6,142527.44,1391315.02
2033,Kharif,Fruit crop,26214.37,1700.52,64.87,541.36,914.6,146803.26,1419141.32
2034,Kharif,Fruit crop,26738.66,1760.55,65.84,541.36,914.6,151207.36,1447524.14
2035,Kharif,Fruit crop,27273.43,1822.7,66.83,541.36,914.6,155743.58,1476474.63
2036,Kharif,Fruit crop,27818.9,1887.04,67.83,541.36,914.6,160415.88,1506004.12
2037,Kharif,Fruit crop,28375.28,1953.65,68.85,541.36,914.6,165228.36,1536124.2
2038,Kharif,Fruit crop,28942.79,2022.62,69.88,541.36,914.6,170185.21,1566846.68
2039,Kharif,Fruit crop,29521.64,2094.01,70.93,541.36,914.6,175290.77,1598183.62
2040,Kharif,Fruit crop,30112.07,2167.93,72.0,541.36,914.6,180549.49,1630147.29
2041,Kharif,Fruit crop,30714.32,2244.46,73.08,541.36,914.6,185965.98,1662750.24
2042,Kharif,Fruit crop,31328.6,2323.69,74.17,541.36,914.6,191544.96,1696005.24
2043,Kharif,Fruit crop,31955.17,2405.72,75.28,541.36,914.6,197291.3,1729925.35
2044,Kharif,Fruit crop,32594.28,2490.64,76.41,541.36,914.6,203210.04,1764523.85
2045,Kharif,Fruit crop,33246.16,2578.56,77.56,541.36,914.6,209306.34,1799814.33
2046,Kharif,Fruit crop,33911.09,2669.58,78.72,541.36,914.6,215585.54,1835810.62
2047,Kharif,Fruit crop,34589.31,2763.82,79.9,541.36,914.6,222053.1,1872526.83
2048,Kharif,Fruit crop,35281.1,2861.38,81.1,541.36,914.6,228714.69,1909977.37
2049,Kharif,Fruit crop,35986.72,2962.39,82.32,541.36,914.6,235576.14,1948176.91
2050,Kharif,Fruit crop,36706.45,3066.96,83.55,541.36,914.6,242643.42,1987140.45
2010,Kharif,Oil Seeds,35296.0,290.84,8.24,368.66,659.13,45704.0,1301222.34
2011,Kharif,Oil Seeds,36001.92,301.11,8.36,368.66,659.13,47075.12,1327246.78
2012,Kharif,Oil Seeds,36721.96,311.73,8.49,368.66,659.13,48487.37,1353791.72
2013,Kharif,Oil Seeds,37456.4,322.74,8.62,368.66,659.13,49941.99,1380867.55
2014,Kharif,Oil Seeds,38205.53,334.13,8.75,368.66,659.13,51440.25,1408484.9
2015,Kharif,Oil Seeds,38969.64,345.93,8.88,368.66,659.13,52983.46,1436654.6
2016,Kharif,Oil Seeds,39749.03,358.14,9.01,368.66,659.13,54572.97,1465387.69
2017,Kharif,Oil Seeds,40544.01,370.78,9.15,368.66,659.13,56210.16,1494695.45
2018,Kharif,Oil Seeds,41354.89,383.87,9.28,368.66,659.13,57896.46,1524589.36
2019,Kharif,Oil Seeds,42181.99,397.42,9.42,368.66,659.13,59633.35,1555081.14
2020,Kharif,Oil Seeds,43025.63,411.45,9.56,368.66,659.13,61422.35,1586182.77
2021,Kharif,Oil Seeds,43886.14,425.97,9.71,368.66,659.13,63265.02,1617906.42
2022,Kharif,Oil Seeds,44763.86,441.01,9.85,368.66,659.13,65162.98,1650264.55
2023,Kharif,Oil Seeds,45659.14,456.58,10.0,368.66,659.13,67117.86,1683269.84
2024,Kharif,Oil Seeds,46572.32,472.69,10.15,368.66,659.13,69131.4,1716935.24
2025,Kharif,Oil Seeds,47503.77,489.38,10.3,368.66,659.13,71205.34,1751273.94
2026,Kharif,Oil Seeds,48453.84,506.65,10.46,368.66,659.13,73341.5,1786299.42
2027,Kharif,Oil Seeds,49422.92,524.54,10.61,368.66,659.13,75541.75,1822025.41
2028,Kharif,Oil Seeds,50411.38,543.06,10.77,368.66,659.13,77808.0,1858465.92
2029,Kharif,Oil Seeds,51419.61,562.23,10.93,368.66,659.13,80142.24,1895635.24
2030,Kharif,Oil Seeds,52448.0,582.07,11.1,368.66,659.13,82546.51,1933547.94
2031,Kharif,Oil Seeds,53496.96,602.62,11.26,368.66,659.13,85022.9,1972218.9
2032,Kharif,Oil Seeds,54566.9,623.89,11.43,368.66,659.13,87573.59,2011663.28
2033,Kharif,Oil Seeds,55658.24,645.92,11.61,368.66,659.13,90200.8,2051896.54
2034,Kharif,Oil Seeds,56771.4,668.72,11.78,368.66,659.13,92906.82,2092934.48
2035,Kharif,Oil Seeds,57906.83,692.32,11.96,368.66,659.13,95694.03,2134793.16
2036,Kharif,Oil Seeds,59064.97,716.76,12.14,368.66,659.13,98564.85,2177489.03
2037,Kharif,Oil Seeds,60246.27,742.06,12.32,368.66,659.13,101521.79,2221038.81
2038,Kharif,Oil Seeds,61451.19,768.26,12.5,368.66,659.13,104567.45,2265459.58
2039,Kharif,Oil Seeds,62680.21,795.38,12.69,368.66,659.13,107704.47,2310768.78
2040,Kharif,Oil Seeds,63933.82,823.45,12.88,368.66,659.13,110935.6,2356984.15
2041,Kharif,Oil Seeds,65212.49,852.52,13.07,368.66,659.13,114263.67,2404123.83
2042,Kharif,Oil Seeds,66516.74,882.62,13.27,368.66,659.13,117691.58,2452206.31
2043,Kharif,Oil Seeds,67847.08,913.77,13.47,368.66,659.13,121222.33,2501250.44
2044,Kharif,Oil Seeds,69204.02,946.03,13.67,368.66,659.13,124859.0,2551275.45
2045,Kharif,Oil Seeds,70588.1,979.42,13.88,368.66,659.13,128604.77,2602300.96
2046,Kharif,Oil Seeds,71999.86,1014.0,14.08,368.66,659.13,132462.91,2654346.97
2047,Kharif,Oil Seeds,73439.86,1049.79,14.29,368.66,659.13,136436.8,2707433.91
2048,Kharif,Oil Seeds,74908.66,1086.85,14.51,368.66,659.13,140529.9,2761582.59
2049,Kharif,Oil Seeds,76406.83,1125.21,14.73,368.66,659.13,144745.8,2816814.24
2050,Kharif,Oil Seeds,77934.97,1164.93,14.95,368.66,659.13,149088.18,2873150.53
2010,Kharif,Pulses,19313.0,27.04,1.4,264.59,528.79,50959.0,511002.67
2011,Kharif,Pulses,19699.26,27.99,1.42,264.59,528.79,52487.77,521222.72
2012,Kharif,Pulses,20093.25,28.98,1.44,264.59,528.79,54062.4,531647.17
2013,Kharif,Pulses,20495.11,30.0,1.46,264.59,528.79,55684.28,542280.12
2014,Kharif,Pulses,20905.01,31.06,1.49,264.59,528.79,57354.8,553125.72
2015,Kharif,Pulses,21323.11,32.16,1.51,264.59,528.79,59075.45,564188.24
2016,Kharif,Pulses,21749.57,33.29,1.53,264.59,528.79,60847.71,575472.0
2017,Kharif,Pulses,22184.57,34.47,1.55,264.59,528.79,62673.14,586981.44
2018,Kharif,Pulses,22628.26,35.69,1.58,264.59,528.79,64553.34,598721.07
2019,Kharif,Pulses,23080.82,36.95,1.6,264.59,528.79,66489.94,610695.49
2020,Kharif,Pulses,23542.44,38.25,1.62,264.59,528.79,68484.63,622909.4
2021,Kharif,Pulses,24013.29,39.6,1.65,264.59,528.79,70539.17,635367.59
2022,Kharif,Pulses,24493.55,41.0,1.67,264.59,528.79,72655.35,648074.94
2023,Kharif,Pulses,24983.42,42.45,1.7,264.59,528.79,74835.01,661036.44
2024,Kharif,Pulses,25483.09,43.94,1.72,264.59,528.79,77080.06,674257.17
2025,Kharif,Pulses,25992.76,45.5,1.75,264.59,528.79,79392.46,687742.31
2026,Kharif,Pulses,26512.61,47.1,1.78,264.59,528.79,81774.24,701497.16
2027,Kharif,Pulses,27042.86,48.76,1.8,264.59,528.79,84227.46,715527.1
2028,Kharif,Pulses,27583.72,50.49,1.83,264.59,528.79,86754.29,729837.64
2029,Kharif,Pulses,28135.39,52.27,1.86,264.59,528.79,89356.91,744434.39
2030,Kharif,Pulses,28698.1,54.11,1.89,264.59,528.79,92037.62,759323.08
2031,Kharif,Pulses,29272.06,56.02,1.91,264.59,528.79,94798.75,774509.54
2032,Kharif,Pulses,29857.51,58.0,1.94,264.59,528.79,97642.71,789999.73
2033,Kharif,Pulses,30454.66,60.05,1.97,264.59,528.79,100572.0,805799.73
2034,Kharif,Pulses,31063.75,62.17,2.0,264.59,528.79,103589.15,821915.72
2035,Kharif,Pulses,31685.02,64.36,2.03,264.59,528.79,106696.83,838354.04
2036,Kharif,Pulses,32318.72,66.63,2.06,264.59,528.79,109897.73,855121.12
2037,Kharif,Pulses,32965.1,68.99,2.09,264.59,528.79,113194.67,872223.54
2038,Kharif,Pulses,33624.4,71.42,2.12,264.59,528.79,116590.51,889668.01
2039,Kharif,Pulses,34296.89,73.94,2.16,264.59,528.79,120088.22,907461.37
2040,Kharif,Pulses,34982.83,76.55,2.19,264.59,528.79,123690.87,925610.6
2041,Kharif,Pulses,35682.48,79.26,2.22,264.59,528.79,127401.59,944122.81
2042,Kharif,Pulses,36396.13,82.05,2.25,264.59,528.79,131223.64,963005.27
2043,Kharif,Pulses,37124.06,84.95,2.29,264.59,528.79,135160.35,982265.37
2044,Kharif,Pulses,37866.54,87.95,2.32,264.59,528.79,139215.16,1001910.68
2045,Kharif,Pulses,38623.87,91.05,2.36,264.59,528.79,143391.62,1021948.9
2046,Kharif,Pulses,39396.34,94.27,2.39,264.59,528.79,147693.37,1042387.87
2047,Kharif,Pulses,40184.27,97.6,2.43,264.59,528.79,152124.17,1063235.63
2048,Kharif,Pulses,40987.96,101.04,2.47,264.59,528.79,156687.89,1084500.34
2049,Kharif,Pulses,41807.72,104.61,2.5,264.59,528.79,161388.53,1106190.35
2050,Kharif,Pulses,42643.87,108.3,2.54,264.59,528.79,166230.18,1128314.16
2010,Kharif,Vegetables,15914.0,1540.79,96.82,569.48,812.11,77061.0,906270.47
2011,Kharif,Vegetables,16232.28,1595.18,98.27,569.48,812.11,79372.83,924395.88
2012,Kharif,Vegetables,16556.93,1651.49,99.75,569.48,812.11,81754.01,942883.8
2013,Kharif,Vegetables,16888.06,1709.79,101.24,569.48,812.11,84206.64,961741.48
2014,Kharif,Vegetables,17225.83,1770.15,102.76,569.48,812.11,86732.83,980976.3
2015,Kharif,Vegetables,17570.34,1832.63,104.3,569.48,812.11,89334.82,1000595.83
2016,Kharif,Vegetables,17921.75,1897.32,105.87,569.48,812.11,92014.86,1020607.75
2017,Kharif,Vegetables,18280.18,1964.3,107.46,569.48,812.11,94775.31,1041019.9
2018,Kharif,Vegetables,18645.79,2033.64,109.07,569.48,812.11,97618.57,1061840.3
2019,Kharif,Vegetables,19018.7,2105.43,110.7,569.48,812.11,100547.13,1083077.11
2020,Kharif,Vegetables,19399.08,2179.75,112.36,569.48,812.11,103563.54,1104738.65
2021,Kharif,Vegetables,19787.06,2256.69,114.05,569.48,812.11,106670.45,1126833.42
2022,Kharif,Vegetables,20182.8,2336.36,115.76,569.48,812.11,109870.56,1149370.09
2023,Kharif,Vegetables,20586.46,2418.83,117.5,569.48,812.11,113166.68,1172357.49
2024,Kharif,Vegetables,20998.19,2504.21,119.26,569.48,812.11,116561.68,1195804.64
2025,Kharif,Vegetables,21418.15,2592.61,121.05,569.48,812.11,120058.53,1219720.73
2026,Kharif,Vegetables,21846.51,2684.13,122.86,569.48,812.11,123660.28,1244115.15
2027,Kharif,Vegetables,22283.44,2778.88,124.71,569.48,812.11,127370.09,1268997.45
2028,Kharif,Vegetables,22729.11,2876.98,126.58,569.48,812.11,131191.19,1294377.4
2029,Kharif,Vegetables,23183.69,2978.53,128.48,569.48,812.11,135126.93,1320264.95
2030,Kharif,Vegetables,23647.37,3083.68,130.4,569.48,812.11,139180.74,1346670.25
2031,Kharif,Vegetables,24120.31,3192.53,132.36,569.48,812.11,143356.16,1373603.65
2032,Kharif,Vegetables,24602.72,3305.23,134.34,569.48,812.11,147656.84,1401075.73
2033,Kharif,Vegetables,25094.77,3421.9,136.36,569.48,812.11,152086.55,1429097.24
2034,Kharif,Vegetables,25596.67,3542.69,138.4,569.48,812.11,156649.15,1457679.19
2035,Kharif,Vegetables,26108.6,3667.75,140.48,569.48,812.11,161348.62,1486832.77
2036,Kharif,Vegetables,26630.78,3797.22,142.59,569.48,812.11,166189.08,1516569.42
2037,Kharif,Vegetables,27163.39,3931.26,144.73,569.48,812.11,171174.75,1546900.81
2038,Kharif,Vegetables,27706.66,4070.04,146.9,569.48,812.11,176309.99,1577838.83
2039,Kharif,Vegetables,28260.79,4213.71,149.1,569.48,812.11,181599.29,1609395.61
2040,Kharif,Vegetables,28826.01,4362.45,151.34,569.48,812.11,187047.27,1641583.52
2041,Kharif,Vegetables,29402.53,4516.45,153.61,569.48,812.11,192658.69,1674415.19
2042,Kharif,Vegetables,29990.58,4675.88,155.91,569.48,812.11,198438.45,1707903.49
2043,Kharif,Vegetables,30590.39,4840.94,158.25,569.48,812.11,204391.61,1742061.56
2044,Kharif,Vegetables,31202.2,5011.82,160.62,569.48,812.11,210523.35,1776902.79
2045,Kharif,Vegetables,31826.24,5188.74,163.03,569.48,812.11,216839.05,1812440.85
2046,Kharif,Vegetables,32462.77,5371.9,165.48,569.48,812.11,223344.23,1848689.67
2047,Kharif,Vegetables,33112.02,5561.53,167.96,569.48,812.11,230044.55,1885663.46
2048,Kharif,Vegetables,33774.26,5757.85,170.48,569.48,812.11,236945.89,1923376.73
2049,Kharif,Vegetables,34449.75,5961.11,173.04,569.48,812.11,244054.27,1961844.26
2050,Kharif,Vegetables,35138.74,6171.53,175.63,569.48,812.11,251375.89,2001081.15
2010,Rabi,Cereals,47848.0,824.9,17.24,409.38,573.43,77678.0,1958801.42
2011,Rabi,Cereals,48804.96,854.02,17.5,409.38,573.43,80008.34,1997977.45
2012,Rabi,Cereals,49781.06,884.17,17.76,409.38,573.43,82408.59,2037937.0
2013,Rabi,Cereals,50776.68,915.38,18.03,409.38,573.43,84880.85,2078695.74
2014,Rabi,Cereals,51792.21,947.69,18.3,409.38,573.43,87427.27,2120269.66
2015,Rabi,Cereals,52828.06,981.14,18.57,409.38,573.43,90050.09,2162675.05
2016,Rabi,Cereals,53884.62,1015.78,18.85,409.38,573.43,92751.59,2205928.55
2017,Rabi,Cereals,54962.31,1051.63,19.13,409.38,573.43,95534.14,2250047.12
2018,Rabi,Cereals,56061.56,1088.76,19.42,409.38,573.43,98400.17,2295048.06
2019,Rabi,Cereals,57182.79,1127.19,19.71,409.38,573.43,101352.17,2340949.03
2020,Rabi,Cereals,58326.45,1166.98,20.01,409.38,573.43,104392.74,2387768.01
2021,Rabi,Cereals,59492.97,1208.17,20.31,409.38,573.43,107524.52,2435523.37
2022,Rabi,Cereals,60682.83,1250.82,20.61,409.38,573.43,110750.25,2484233.83
2023,Rabi,Cereals,61896.49,1294.98,20.92,409.38,573.43,114072.76,2533918.51
2024,Rabi,Cereals,63134.42,1340.69,21.24,409.38,573.43,117494.94,2584596.88
2025,Rabi,Cereals,64397.11,1388.02,21.55,409.38,573.43,121019.79,2636288.82
2026,Rabi,Cereals,65685.05,1437.01,21.88,409.38,573.43,124650.39,2689014.59
2027,Rabi,Cereals,66998.75,1487.74,22.21,409.38,573.43,128389.9,2742794.89
2028,Rabi,Cereals,68338.73,1540.26,22.54,409.38,573.43,132241.6,2797650.78
2029,Rabi,Cereals,69705.5,1594.63,22.88,409.38,573.43,136208.84,2853603.8
2030,Rabi,Cereals,71099.61,1650.92,23.22,409.38,573.43,140295.11,2910675.88
2031,Rabi,Cereals,72521.6,1709.19,23.57,409.38,573.43,144503.96,2968889.39
2032,Rabi,Cereals,73972.04,1769.53,23.92,409.38,573.43,148839.08,3028267.18
2033,Rabi,Cereals,75451.48,1831.99,24.28,409.38,573.43,153304.25,3088832.52
2034,Rabi,Cereals,76960.51,1896.66,24.64,409.38,573.43,157903.38,3150609.17
2035,Rabi,Cereals,78499.72,1963.62,25.01,409.38,573.43,162640.48,3213621.36
2036,Rabi,Cereals,80069.71,2032.93,25.39,409.38,573.43,167519.7,3277893.79
2037,Rabi,Cereals,81671.1,2104.69,25.77,409.38,573.43,172545.29,3343451.66
2038,Rabi,Cereals,83304.53,2178.99,26.16,409.38,573.43,177721.65,3410320.69
2039,Rabi,Cereals,84970.62,2255.91,26.55,409.38,573.43,183053.3,3478527.11
2040,Rabi,Cereals,86670.03,2335.54,26.95,409.38,573.43,188544.89,3548097.65
2041,Rabi,Cereals,88403.43,2417.99,27.35,409.38,573.43,194201.24,3619059.6
2042,Rabi,Cereals,90171.5,2503.34,27.76,409.38,573.43,200027.28,3691440.8
2043,Rabi,Cereals,91974.93,2591.71,28.18,409.38,573.43,206028.1,3765269.61
2044,Rabi,Cereals,93814.43,2683.2,28.6,409.38,573.43,212208.94,3840575.0
2045,Rabi,Cereals,95690.72,2777.91,29.03,409.38,573.43,218575.21,3917386.5
2046,Rabi,Cereals,97604.53,2875.97,29.47,409.38,573.43,225132.46,3995734.23
2047,Rabi,Cereals,99556.62,2977.49,29.91,409.38,573.43,231886.44,4075648.92
2048,Rabi,Cereals,101547.75,3082.6,30.36,409.38,573.43,238843.03,4157161.9
2049,Rabi,Cereals,103578.71,3191.42,30.81,409.38,573.43,246008.32,4240305.13
2050,Rabi,Cereals,105650.28,3304.07,31.27,409.38,573.43,253388.57,4325111.24
2010,Rabi,Coarse Cereals,73076.0,1185.29,16.22,350.99,680.7,61494.0,2564894.52
2011,Rabi,Coarse Cereals,74537.52,1227.13,16.46,350.99,680.7,63338.82,2616192.41
2012,Rabi,Coarse Cereals,76028.27,1270.45,16.71,350.99,680.7,65238.98,2668516.26
2013,Rabi,Coarse Cereals,77548.84,1315.3,16.96,350.99,680.7,67196.15,2721886.59
2014,Rabi,Coarse Cereals,79099.81,1361.73,17.22,350.99,680.7,69212.04,2776324.32
2015,Rabi,Coarse Cereals,80681.81,1409.8,17.47,350.99,680.7,71288.4,2831850.81
2016,Rabi,Coarse Cereals,82295.44,1459.56,17.74,350.99,680.7,73427.05,2888487.82
2017,Rabi,Coarse Cereals,83941.35,1511.09,18.0,350.99,680.7,75629.86,2946257.58
2018,Rabi,Coarse Cereals,85620.18,1564.43,18.27,350.99,680.7,77898.76,3005182.73
2019,Rabi,Coarse Cereals,87332.58,1619.65,18.55,350.99,680.7,80235.72,3065286.38
2020,Rabi,Coarse Cereals,89079.24,1676.83,18.82,350.99,680.7,82642.79,3126592.11
2021,Rabi,Coarse Cereals,90860.82,1736.02,19.11,350.99,680.7,85122.08,3189123.95
2022,Rabi,Coarse Cereals,92678.04,1797.3,19.39,350.99,680.7,87675.74,3252906.43
2023,Rabi,Coarse Cereals,94531.6,1860.74,19.68,350.99,680.7,90306.01,3317964.56
2024,Rabi,Coarse Cereals,96422.23,1926.43,19.98,350.99,680.7,93015.19,3384323.85
2025,Rabi,Coarse Cereals,98350.67,1994.43,20.28,350.99,680.7,95805.65,3452010.33
2026,Rabi,Coarse Cereals,100317.69,2064.83,20.58,350.99,680.7,98679.82,3521050.54
2027,Rabi,Coarse Cereals,102324.04,2137.72,20.89,350.99,680.7,101640.21,3591471.55
2028,Rabi,Coarse Cereals,104370.52,2213.18,21.21,350.99,680.7,104689.42,3663300.98
2029,Rabi,Coarse Cereals,106457.93,2291.31,21.52,350.99,680.7,107830.1,3736567.0
2030,Rabi,Coarse Cereals,108587.09,2372.19,21.85,350.99,680.7,111065.0,3811298.34
2031,Rabi,Coarse Cereals,110758.83,2455.93,22.17,350.99,680.7,114396.95,3887524.31
2032,Rabi,Coarse Cereals,112974.01,2542.63,22.51,350.99,680.7,117828.86,3965274.79
2033,Rabi,Coarse Cereals,115233.49,2632.38,22.84,350.99,680.7,121363.73,4044580.29
2034,Rabi,Coarse Cereals,117538.16,2725.3,23.19,350.99,680.7,125004.64,4125471.89
2035,Rabi,Coarse Cereals,119888.92,2821.51,23.53,350.99,680.7,128754.78,4207981.33
2036,Rabi,Coarse Cereals,122286.7,2921.11,23.89,350.99,680.7,132617.42,4292140.96
2037,Rabi,Coarse Cereals,124732.44,3024.22,24.25,350.99,680.7,136595.95,4377983.78
2038,Rabi,Coarse Cereals,127227.08,3130.98,24.61,350.99,680.7,140693.82,4465543.45
2039,Rabi,Coarse Cereals,129771.63,3241.5,24.98,350.99,680.7,144914.64,4554854.32
2040,Rabi,Coarse Cereals,132367.06,3355.92,25.35,350.99,680.7,149262.08,4645951.41
2041,Rabi,Coarse Cereals,135014.4,3474.39,25.73,350.99,680.7,153739.94,4738870.44
2042,Rabi,Coarse Cereals,137714.69,3597.03,26.12,350.99,680.7,158352.14,4833647.84
2043,Rabi,Coarse Cereals,140468.98,3724.01,26.51,350.99,680.7,163102.7,4930320.8
2044,Rabi,Coarse Cereals,143278.36,3855.47,26.91,350.99,680.7,167995.78,5028927.22
2045,Rabi,Coarse Cereals,146143.93,3991.56,27.31,350.99,680.7,173035.66,5129505.76
2046,Rabi,Coarse Cereals,149066.81,4132.47,27.72,350.99,680.7,178226.73,5232095.88
2047,Rabi,Coarse Cereals,152048.14,4278.34,28.14,350.99,680.7,183573.53,5336737.8
2048,Rabi,Coarse Cereals,155089.11,4429.37,28.56,350.99,680.7,189080.74,5443472.55
2049,Rabi,Coarse Cereals,158190.89,4585.72,28.99,350.99,680.7,194753.16,5552342.0
2050,Rabi,Coarse Cereals,161354.71,4747.6,29.42,350.99,680.7,200595.75,5663388.84
2010,Rabi,Cotton,-1524.0,-0.0,0.0,545.26,294.87,34712.0,-83097.62
2011,Rabi,Cotton,-1554.48,-0.0,0.0,545.26,294.87,35753.36,-84759.58
2012,Rabi,Cotton,-1585.57,-0.0,0.0,545.26,294.87,36825.96,-86454.77
2013,Rabi,Cotton,-1617.28,-0.0,0.0,545.26,294.87,37930.74,-88183.86
2014,Rabi,Cotton,-1649.63,-0.0,0.0,545.26,294.87,39068.66,-89947.54
2015,Rabi,Cotton,-1682.62,-0.0,0.0,545.26,294.87,40240.72,-91746.49
2016,Rabi,Cotton,-1716.27,-0.0,0.0,545.26,294.87,41447.94,-93581.42
2017,Rabi,Cotton,-1750.6,-0.0,0.0,545.26,294.87,42691.38,-95453.05
2018,Rabi,Cotton,-1785.61,-0.0,0.0,545.26,294.87,43972.12,-97362.11
2019,Rabi,Cotton,-1821.32,-0.0,0.0,545.26,294.87,45291.29,-99309.35
2020,Rabi,Cotton,-1857.75,-0.0,0.0,545.26,294.87,46650.03,-101295.54
2021,Rabi,Cotton,-1894.9,-0.0,0.0,545.26,294.87,48049.53,-103321.45
2022,Rabi,Cotton,-1932.8,-0.0,0.0,545.26,294.87,49491.01,-105387.88
2023,Rabi,Cotton,-1971.46,-0.0,0.0,545.26,294.87,50975.74,-107495.64
2024,Rabi,Cotton,-2010.89,-0.0,0.0,545.26,294.87,52505.01,-109645.55
2025,Rabi,Cotton,-2051.1,-0.0,0.0,545.26,294.87,54080.16,-111838.46
2026,Rabi,Cotton,-2092.13,-0.0,0.0,545.26,294.87,55702.57,-114075.23
2027,Rabi,Cotton,-2133.97,-0.0,0.0,545.26,294.87,57373.65,-116356.73
2028,Rabi,Cotton,-2176.65,-0.0,0.0,545.26,294.87,59094.86,-118683.87
2029,Rabi,Cotton,-2220.18,-0.0,0.0,545.26,294.87,60867.7,-121057.55
2030,Rabi,Cotton,-2264.58,-0.0,0.0,545.26,294.87,62693.73,-123478.7
2031,Rabi,Cotton,-2309.88,-0.0,0.0,545.26,294.87,64574.55,-125948.27
2032,Rabi,Cotton,-2356.07,-0.0,0.0,545.26,294.87,66511.78,-128467.24
2033,Rabi,Cotton,-2403.19,-0.0,0.0,545.26,294.87,68507.13,-131036.58
2034,Rabi,Cotton,-2451.26,-0.0,0.0,545.26,294.87,70562.35,-133657.31
2035,Rabi,Cotton,-2500.28,-0.0,0.0,545.26,294.87,72679.22,-136330.46
2036,Rabi,Cotton,-2550.29,-0.0,0.0,545.26,294.87,74859.6,-139057.07
2037,Rabi,Cotton,-2601.29,-0.0,0.0,545.26,294.87,77105.38,-141838.21
2038,Rabi,Cotton,-2653.32,-0.0,0.0,545.26,294.87,79418.55,-144674.97
2039,Rabi,Cotton,-2706.39,-0.0,0.0,545.26,294.87,81801.1,-147568.47
2040,Rabi,Cotton,-2760.52,-0.0,0.0,545.26,294.87,84255.13,-150519.84
2041,Rabi,Cotton,-2815.73,-0.0,0.0,545.26,294.87,86782.79,-153530.24
2042,Rabi,Cotton,-2872.04,-0.0,0.0,545.26,294.87,89386.27,-156600.85
2043,Rabi,Cotton,-2929.48,-0.0,0.0,545.26,294.87,92067.86,-159732.86
2044,Rabi,Cotton,-2988.07,-0.0,0.0,545.26,294.87,94829.9,-162927.52
2045,Rabi,Cotton,-3047.83,-0.0,0.0,545.26,294.87,97674.79,-166186.07
2046,Rabi,Cotton,-3108.79,-0.0,0.0,545.26,294.87,100605.04,-169509.79
2047,Rabi,Cotton,-3170.96,-0.0,0.0,545.26,294.87,103623.19,-172899.99
2048,Rabi,Cotton,-3234.38,-0.0,0.0,545.26,294.87,106731.88,-176357.99
2049,Rabi,Cotton,-3299.07,-0.0,0.0,545.26,294.87,109933.84,-179885.15
2050,Rabi,Cotton,-3365.05,-0.0,0.0,545.26,294.87,113231.86,-183482.85
2010,Rabi,Fruit crop,7162.0,796.7,111.24,582.77,873.42,74539.0,417379.87
2011,Rabi,Fruit crop,7305.24,824.82,112.91,582.77,873.42,76775.17,425727.47
2012,Rabi,Fruit crop,7451.34,853.94,114.6,582.77,873.42,79078.43,434242.02
2013,Rabi,Fruit crop,7600.37,884.08,116.32,582.77,873.42,81450.78,442926.86
2014,Rabi,Fruit crop,7752.38,915.29,118.07,582.77,873.42,83894.3,451785.4
2015,Rabi,Fruit crop,7907.43,947.6,119.84,582.77,873.42,86411.13,460821.11
2016,Rabi,Fruit crop,8065.58,981.05,121.63,582.77,873.42,89003.46,470037.53
2017,Rabi,Fruit crop,8226.89,1015.68,123.46,582.77,873.42,91673.57,479438.28
2018,Rabi,Fruit crop,8391.42,1051.54,125.31,582.77,873.42,94423.78,489027.04
2019,Rabi,Fruit crop,8559.25,1088.66,127.19,582.77,873.42,97256.49,498807.59
2020,Rabi,Fruit crop,8730.44,1127.09,129.1,582.77,873.42,100174.18,508783.74
2021,Rabi,Fruit crop,8905.05,1166.87,131.04,582.77,873.42,103179.41,518959.41
2022,Rabi,Fruit crop,9083.15,1208.06,133.0,582.77,873.42,106274.79,529338.6
2023,Rabi,Fruit crop,9264.81,1250.71,135.0,582.77,873.42,109463.03,539925.37
2024,Rabi,Fruit crop,9450.11,1294.86,137.02,582.77,873.42,112746.93,550723.88
2025,Rabi,Fruit crop,9639.11,1340.57,139.08,582.77,873.42,116129.33,561738.36
2026,Rabi,Fruit crop,9831.89,1387.89,141.16,582.77,873.42,119613.21,572973.12
2027,Rabi,Fruit crop,10028.53,1436.88,143.28,582.77,873.42,123201.61,584432.59
2028,Rabi,Fruit crop,10229.1,1487.6,145.43,582.77,873.42,126897.66,596121.24
2029,Rabi,Fruit crop,10433.68,1540.12,147.61,582.77,873.42,130704.59,608043.66
2030,Rabi,Fruit crop,10642.36,1594.48,149.82,582.77,873.42,134625.73,620204.54
2031,Rabi,Fruit crop,10855.2,1650.77,152.07,582.77,873.42,138664.5,632608.63
2032,Rabi,Fruit crop,11072.31,1709.04,154.35,582.77,873.42,142824.43,645260.8
2033,Rabi,Fruit crop,11293.75,1769.37,156.67,582.77,873.42,147109.16,658166.02
2034,Rabi,Fruit crop,11519.63,1831.83,159.02,582.77,873.42,151522.44,671329.34
2035,Rabi,Fruit crop,11750.02,1896.49,161.4,582.77,873.42,156068.11,684755.92
2036,Rabi,Fruit crop,11985.02,1963.44,163.82,582.77,873.42,160750.16,698451.04
2037,Rabi,Fruit crop,12224.72,2032.75,166.28,582.77,873.42,165572.66,712420.06
2038,Rabi,Fruit crop,12469.22,2104.5,168.78,582.77,873.42,170539.84,726668.46
2039,Rabi,Fruit crop,12718.6,2178.79,171.31,582.77,873.42,175656.04,741201.83
2040,Rabi,Fruit crop,12972.97,2255.7,173.88,582.77,873.42,180925.72,756025.87
2041,Rabi,Fruit crop,13232.43,2335.33,176.49,582.77,873.42,186353.49,771146.39
2042,Rabi,Fruit crop,13497.08,2417.77,179.13,582.77,873.42,191944.09,786569.31
2043,Rabi,Fruit crop,13767.02,2503.11,181.82,582.77,873.42,197702.42,802300.7
2044,Rabi,Fruit crop,14042.36,2591.47,184.55,582.77,873.42,203633.49,818346.72
2045,Rabi,Fruit crop,14323.21,2682.95,187.31,582.77,873.42,209742.49,834713.65
2046,Rabi,Fruit crop,14609.67,2777.66,190.12,582.77,873.42,216034.77,851407.92
2047,Rabi,Fruit crop,14901.87,2875.71,192.98,582.77,873.42,222515.81,868436.08
2048,Rabi,Fruit crop,15199.9,2977.22,195.87,582.77,873.42,229191.29,885804.8
2049,Rabi,Fruit crop,15503.9,3082.32,198.81,582.77,873.42,236067.02,903520.9
2050,Rabi,Fruit crop,15813.98,3191.13,201.79,582.77,873.42,243149.03,921591.32
2010,Rabi,Oil Seeds,36813.0,221.25,6.01,305.08,631.7,47747.0,1123091.0
2011,Rabi,Oil Seeds,37549.26,229.06,6.1,305.08,631.7,49179.41,1145552.82
2012,Rabi,Oil Seeds,38300.25,237.14,6.19,305.08,631.7,50654.79,1168463.88
2013,Rabi,Oil Seeds,39066.25,245.51,6.28,305.08,631.7,52174.44,1191833.16
2014,Rabi,Oil Seeds,39847.58,254.18,6.38,305.08,631.7,53739.67,1215669.82
2015,Rabi,Oil Seeds,40644.53,263.15,6.47,305.08,631.7,55351.86,1239983.22
2016,Rabi,Oil Seeds,41457.42,272.44,6.57,305.08,631.7,57012.42,1264782.88
2017,Rabi,Oil Seeds,42286.57,282.06,6.67,305.08,631.7,58722.79,1290078.54
2018,Rabi,Oil Seeds,43132.3,292.02,6.77,305.08,631.7,60484.47,1315880.11
2019,Rabi,Oil Seeds,43994.94,302.32,6.87,305.08,631.7,62299.01,1342197.71
2020,Rabi,Oil Seeds,44874.84,313.0,6.97,305.08,631.7,64167.98,1369041.67
2021,Rabi,Oil Seeds,45772.34,324.04,7.08,305.08,631.7,66093.01,1396422.5
2022,Rabi,Oil Seeds,46687.79,335.48,7.19,305.08,631.7,68075.81,1424350.95
2023,Rabi,Oil Seeds,47621.54,347.33,7.29,305.08,631.7,70118.08,1452837.97
2024,Rabi,Oil Seeds,48573.97,359.59,7.4,305.08,631.7,72221.62,1481894.73
2025,Rabi,Oil Seeds,49545.45,372.28,7.51,305.08,631.7,74388.27,1511532.62
2026,Rabi,Oil Seeds,50536.36,385.42,7.63,305.08,631.7,76619.92,1541763.28
2027,Rabi,Oil Seeds,51547.09,399.03,7.74,305.08,631.7,78918.52,1572598.54
2028,Rabi,Oil Seeds,52578.03,413.11,7.86,305.08,631.7,81286.07,1604050.51
2029,Rabi,Oil Seeds,53629.59,427.69,7.97,305.08,631.7,83724.65,1636131.52
2030,Rabi,Oil Seeds,54702.18,442.79,8.09,305.08,631.7,86236.39,1668854.15
2031,Rabi,Oil Seeds,55796.23,458.42,8.22,305.08,631.7,88823.48,1702231.24
2032,Rabi,Oil Seeds,56912.15,474.61,8.34,305.08,631.7,91488.19,1736275.86
2033,Rabi,Oil Seeds,58050.39,491.36,8.46,305.08,631.7,94232.84,1771001.38
2034,Rabi,Oil Seeds,59211.4,508.7,8.59,305.08,631.7,97059.82,1806421.41
2035,Rabi,Oil Seeds,60395.63,526.66,8.72,305.08,631.7,99971.61,1842549.83
2036,Rabi,Oil Seeds,61603.54,545.25,8.85,305.08,631.7,102970.76,1879400.83
2037,Rabi,Oil Seeds,62835.61,564.5,8.98,305.08,631.7,106059.89,1916988.85
2038,Rabi,Oil Seeds,64092.32,584.43,9.12,305.08,631.7,109241.68,1955328.62
2039,Rabi,Oil Seeds,65374.17,605.06,9.26,305.08,631.7,112518.93,1994435.2
2040,Rabi,Oil Seeds,66681.65,626.41,9.39,305.08,631.7,115894.5,2034323.9
2041,Rabi,Oil Seeds,68015.29,648.53,9.54,305.08,631.7,119371.34,2075010.38
2042,Rabi,Oil Seeds,69375.59,671.42,9.68,305.08,631.7,122952.48,2116510.59
2043,Rabi,Oil Seeds,70763.1,695.12,9.82,305.08,631.7,126641.05,2158840.8
2044,Rabi,Oil Seeds,72178.37,719.66,9.97,305.08,631.7,130440.28,2202017.61
2045,Rabi,Oil Seeds,73621.93,745.06,10.12,305.08,631.7,134353.49,2246057.97
2046,Rabi,Oil Seeds,75094.37,771.36,10.27,305.08,631.7,138384.1,2290979.12
2047,Rabi,Oil Seeds,76596.26,798.59,10.43,305.08,631.7,142535.62,2336798.71
2048,Rabi,Oil Seeds,78128.19,826.78,10.58,305.08,631.7,146811.69,2383534.68
2049,Rabi,Oil Seeds,79690.75,855.97,10.74,305.08,631.7,151216.04,2431205.38
2050,Rabi,Oil Seeds,81284.56,886.18,10.9,305.08,631.7,155752.52,2479829.48
2010,Rabi,Pulses,15825.0,49.06,3.1,279.36,528.48,54129.0,442087.2
2011,Rabi,Pulses,16141.5,50.79,3.15,279.36,528.48,55752.87,450928.94
2012,Rabi,Pulses,16464.33,52.58,3.19,279.36,528.48,57425.46,459947.52
2013,Rabi,Pulses,16793.62,54.44,3.24,279.36,528.48,59148.22,469146.47
2014,Rabi,Pulses,17129.49,56.36,3.29,279.36,528.48,60922.67,478529.4
2015,Rabi,Pulses,17472.08,58.35,3.34,279.36,528.48,62750.35,488099.99
2016,Rabi,Pulses,17821.52,60.41,3.39,279.36,528.48,64632.86,497861.99
2017,Rabi,Pulses,18177.95,62.54,3.44,279.36,528.48,66571.84,507819.23
2018,Rabi,Pulses,18541.51,64.75,3.49,279.36,528.48,68569.0,517975.62
2019,Rabi,Pulses,18912.34,67.03,3.54,279.36,528.48,70626.07,528335.13
2020,Rabi,Pulses,19290.59,69.4,3.6,279.36,528.48,72744.85,538901.83
2021,Rabi,Pulses,19676.4,71.85,3.65,279.36,528.48,74927.2,549679.87
2022,Rabi,Pulses,20069.93,74.39,3.71,279.36,528.48,77175.01,560673.46
2023,Rabi,Pulses,20471.32,77.01,3.76,279.36,528.48,79490.26,571886.93
2024,Rabi,Pulses,20880.75,79.73,3.82,279.36,528.48,81874.97,583324.67
2025,Rabi,Pulses,21298.37,82.55,3.88,279.36,528.48,84331.22,594991.17
2026,Rabi,Pulses,21724.33,85.46,3.93,279.36,528.48,86861.15,606890.99
2027,Rabi,Pulses,22158.82,88.48,3.99,279.36,528.48,89466.99,619028.81
2028,Rabi,Pulses,22602.0,91.6,4.05,279.36,528.48,92151.0,631409.38
2029,Rabi,Pulses,23054.04,94.83,4.11,279.36,528.48,94915.53,644037.57
2030,Rabi,Pulses,23515.12,98.18,4.18,279.36,528.48,97763.0,656918.32
2031,Rabi,Pulses,23985.42,101.65,4.24,279.36,528.48,100695.88,670056.69
2032,Rabi,Pulses,24465.13,105.24,4.3,279.36,528.48,103716.76,683457.82
2033,Rabi,Pulses,24954.43,108.95,4.37,279.36,528.48,106828.26,697126.98
2034,Rabi,Pulses,25453.52,112.8,4.43,279.36,528.48,110033.11,711069.52
2035,Rabi,Pulses,25962.59,116.78,4.5,279.36,528.48,113334.11,725290.91
2036,Rabi,Pulses,26481.84,120.9,4.57,279.36,528.48,116734.13,739796.73
2037,Rabi,Pulses,27011.48,125.17,4.63,279.36,528.48,120236.15,754592.66
2038,Rabi,Pulses,27551.71,129.59,4.7,279.36,528.48,123843.24,769684.52
2039,Rabi,Pulses,28102.74,134.16,4.77,279.36,528.48,127558.53,785078.21
2040,Rabi,Pulses,28664.8,138.9,4.85,279.36,528.48,131385.29,800779.77
2041,Rabi,Pulses,29238.09,143.8,4.92,279.36,528.48,135326.85,816795.37
2042,Rabi,Pulses,29822.85,148.88,4.99,279.36,528.48,139386.65,833131.27
2043,Rabi,Pulses,30419.31,154.13,5.07,279.36,528.48,143568.25,849793.9
2044,Rabi,Pulses,31027.7,159.57,5.14,279.36,528.48,147875.3,866789.78
2045,Rabi,Pulses,31648.25,165.2,5.22,279.36,528.48,152311.56,884125.57
2046,Rabi,Pulses,32281.22,171.04,5.3,279.36,528.48,156880.91,901808.08
2047,Rabi,Pulses,32926.84,177.07,5.38,279.36,528.48,161587.33,919844.25
2048,Rabi,Pulses,33585.38,183.32,5.46,279.36,528.48,166434.95,938241.13
2049,Rabi,Pulses,34257.09,189.8,5.54,279.36,528.48,171428.0,957005.95
2050,Rabi,Pulses,34942.23,196.5,5.62,279.36,528.48,176570.84,976146.07
2010,Rabi,Vegetables,23826.0,1477.21,62.0,575.91,785.06,77974.0,1372163.17
2011,Rabi,Vegetables,24302.52,1529.36,62.93,575.91,785.06,80313.22,1399606.43
2012,Rabi,Vegetables,24788.57,1583.34,63.87,575.91,785.06,82722.62,1427598.56
2013,Rabi,Vegetables,25284.34,1639.24,64.83,575.91,785.06,85204.3,1456150.53
2014,Rabi,Vegetables,25790.03,1697.1,65.8,575.91,785.06,87760.42,1485273.54
2015,Rabi,Vegetables,26305.83,1757.01,66.79,575.91,785.06,90393.24,1514979.01
2016,Rabi,Vegetables,26831.95,1819.03,67.79,575.91,785.06,93105.03,1545278.59
2017,Rabi,Vegetables,27368.58,1883.24,68.81,575.91,785.06,95898.18,1576184.16
2018,Rabi,Vegetables,27915.96,1949.72,69.84,575.91,785.06,98775.13,1607707.85
2019,Rabi,Vegetables,28474.28,2018.55,70.89,575.91,785.06,101738.38,1639862.0
2020,Rabi,Vegetables,29043.76,2089.8,71.95,575.91,785.06,104790.54,1672659.24
2021,Rabi,Vegetables,29624.64,2163.57,73.03,575.91,785.06,107934.25,1706112.43
2022,Rabi,Vegetables,30217.13,2239.95,74.13,575.91,785.06,111172.28,1740234.68
2023,Rabi,Vegetables,30821.47,2319.02,75.24,575.91,785.06,114507.45,1775039.37
2024,Rabi,Vegetables,31437.9,2400.88,76.37,575.91,785.06,117942.67,1810540.16
2025,Rabi,Vegetables,32066.66,2485.63,77.51,575.91,785.06,121480.95,1846750.96
2026,Rabi,Vegetables,32707.99,2573.37,78.68,575.91,785.06,125125.38,1883685.98
2027,Rabi,Vegetables,33362.15,2664.21,79.86,575.91,785.06,128879.14,1921359.7
2028,Rabi,Vegetables,34029.4,2758.26,81.06,575.91,785.06,132745.52,1959786.89
2029,Rabi,Vegetables,34709.98,2855.62,82.27,575.91,785.06,136727.88,1998982.63
2030,Rabi,Vegetables,35404.18,2956.43,83.51,575.91,785.06,140829.72,2038962.28
2031,Rabi,Vegetables,36112.27,3060.79,84.76,575.91,785.06,145054.61,2079741.53
2032,Rabi,Vegetables,36834.51,3168.83,86.03,575.91,785.06,149406.25,2121336.36
2033,Rabi,Vegetables,37571.2,3280.69,87.32,575.91,785.06,153888.43,2163763.09
2034,Rabi,Vegetables,38322.63,3396.5,88.63,575.91,785.06,158505.09,2207038.35
2035,Rabi,Vegetables,39089.08,3516.4,89.96,575.91,785.06,163260.24,2251179.12
2036,Rabi,Vegetables,39870.86,3640.53,91.31,575.91,785.06,168158.05,2296202.7
2037,Rabi,Vegetables,40668.28,3769.04,92.68,575.91,785.06,173202.79,2342126.75
2038,Rabi,Vegetables,41481.64,3902.09,94.07,575.91,785.06,178398.87,2388969.29
2039,Rabi,Vegetables,42311.28,4039.83,95.48,575.91,785.06,183750.84,2436748.67
2040,Rabi,Vegetables,43157.5,4182.44,96.91,575.91,785.06,189263.36,2485483.65
2041,Rabi,Vegetables,44020.65,4330.08,98.36,575.91,785.06,194941.26,2535193.32
2042,Rabi,Vegetables,44901.06,4482.93,99.84,575.91,785.06,200789.5,2585897.19
2043,Rabi,Vegetables,45799.09,4641.17,101.34,575.91,785.06,206813.19,2637615.13
2044,Rabi,Vegetables,46715.07,4805.01,102.86,575.91,785.06,213017.58,2690367.43
2045,Rabi,Vegetables,47649.37,4974.62,104.4,575.91,785.06,219408.11,2744174.78
2046,Rabi,Vegetables,48602.36,5150.23,105.97,575.91,785.06,225990.35,2799058.28
2047,Rabi,Vegetables,49574.4,5332.03,107.56,575.91,785.06,232770.06,2855039.44
2048,Rabi,Vegetables,50565.89,5520.25,109.17,575.91,785.06,239753.17,2912140.23
2049,Rabi,Vegetables,51577.21,5715.12,110.81,575.91,785.06,246945.76,2970383.03
2050,Rabi,Vegetables,52608.75,5916.86,112.47,575.91,785.06,254354.13,3029790.7
2010,Summer,Cereals,54097.0,834.18,15.42,408.4,634.25,75989.0,2209321.48
2011,Summer,Cereals,55178.94,863.62,15.65,408.4,634.25,78268.67,2253507.91
2012,Summer,Cereals,56282.52,894.11,15.89,408.4,634.25,80616.73,2298578.07
2013,Summer,Cereals,57408.17,925.67,16.12,408.4,634.25,83035.23,2344549.63
2014,Summer,Cereals,58556.33,958.35,16.37,408.4,634.25,85526.29,2391440.62
2015,Summer,Cereals,59727.46,992.18,16.61,408.4,634.25,88092.08,2439269.43
2016,Summer,Cereals,60922.01,1027.2,16.86,408.4,634.25,90734.84,2488054.82
2017,Summer,Cereals,62140.45,1063.46,17.11,408.4,634.25,93456.89,2537815.92
2018,Summer,Cereals,63383.26,1101.0,17.37,408.4,634.25,96260.59,2588572.24
2019,Summer,Cereals,64650.92,1139.87,17.63,408.4,634.25,99148.41,2640343.68
2020,Summer,Cereals,65943.94,1180.1,17.9,408.4,634.25,102122.86,2693150.56
2021,Summer,Cereals,67262.82,1221.76,18.16,408.4,634.25,105186.55,2747013.57
2022,Summer,Cereals,68608.08,1264.89,18.44,408.4,634.25,108342.14,2801953.84
2023,Summer,Cereals,69980.24,1309.54,18.71,408.4,634.25,111592.41,2857992.92
2024,Summer,Cereals,71379.84,1355.77,18.99,408.4,634.25,114940.18,2915152.77
2025,Summer,Cereals,72807.44,1403.62,19.28,408.4,634.25,118388.39,2973455.83
2026,Summer,Cereals,74263.59,1453.17,19.57,408.4,634.25,121940.04,3032924.95
2027,Summer,Cereals,75748.86,1504.47,19.86,408.4,634.25,125598.24,3093583.44
2028,Summer,Cereals,77263.84,1557.58,20.16,408.4,634.25,129366.19,3155455.11
2029,Summer,Cereals,78809.11,1612.56,20.46,408.4,634.25,133247.17,3218564.22
2030,Summer,Cereals,80385.3,1669.48,20.77,408.4,634.25,137244.59,3282935.5
2031,Summer,Cereals,81993.0,1728.42,21.08,408.4,634.25,141361.92,3348594.21
2032,Summer,Cereals,83632.86,1789.43,21.4,408.4,634.25,145602.78,3415566.09
2033,Summer,Cereals,85305.52,1852.59,21.72,408.4,634.25,149970.87,3483877.42
2034,Summer,Cereals,87011.63,1917.99,22.04,408.4,634.25,154469.99,3553554.96
2035,Summer,Cereals,88751.86,1985.7,22.37,408.4,634.25,159104.09,3624626.06
2036,Summer,Cereals,90526.9,2055.79,22.71,408.4,634.25,163877.21,3697118.59
2037,Summer,Cereals,92337.44,2128.36,23.05,408.4,634.25,168793.53,3771060.96
2038,Summer,Cereals,94184.19,2203.49,23.4,408.4,634.25,173857.34,3846482.18
2039,Summer,Cereals,96067.87,2281.28,23.75,408.4,634.25,179073.06,3923411.82
2040,Summer,Cereals,97989.23,2361.8,24.1,408.4,634.25,184445.25,4001880.06
2041,Summer,Cereals,99949.01,2445.18,24.46,408.4,634.25,189978.61,4081917.66
2042,Summer,Cereals,101947.99,2531.49,24.83,408.4,634.25,195677.96,4163556.01
2043,Summer,Cereals,103986.95,2620.85,25.2,408.4,634.25,201548.3,4246827.13
2044,Summer,Cereals,106066.69,2713.37,25.58,408.4,634.25,207594.75,4331763.67
2045,Summer,Cereals,108188.03,2809.15,25.97,408.4,634.25,213822.59,4418398.95
2046,Summer,Cereals,110351.79,2908.31,26.35,408.4,634.25,220237.27,4506766.93
2047,Summer,Cereals,112558.82,3010.98,26.75,408.4,634.25,226844.39,4596902.26
2048,Summer,Cereals,114810.0,3117.26,27.15,408.4,634.25,233649.72,4688840.31
2049,Summer,Cereals,117106.2,3227.3,27.56,408.4,634.25,240659.21,4782617.12
2050,Summer,Cereals,119448.32,3341.23,27.97,408.4,634.25,247878.99,4878269.46
2010,Summer,Coarse Cereals,67774.0,1186.72,17.51,352.71,667.04,56751.0,2390456.75
2011,Summer,Coarse Cereals,69129.48,1228.61,17.77,352.71,667.04,58453.53,2438265.89
2012,Summer,Coarse Cereals,70512.07,1271.98,18.04,352.71,667.04,60207.14,2487031.21
2013,Summer,Coarse Cereals,71922.31,1316.89,18.31,352.71,667.04,62013.35,2536771.83
2014,Summer,Coarse Cereals,73360.76,1363.37,18.58,352.71,667.04,63873.75,2587507.27
2015,Summer,Coarse Cereals,74827.97,1411.5,18.86,352.71,667.04,65789.96,2639257.41
2016,Summer,Coarse Cereals,76324.53,1461.32,19.15,352.71,667.04,67763.66,2692042.56
2017,Summer,Coarse Cereals,77851.02,1512.91,19.43,352.71,667.04,69796.57,2745883.41
2018,Summer,Coarse Cereals,79408.04,1566.31,19.72,352.71,667.04,71890.47,2800801.08
2019,Summer,Coarse Cereals,80996.2,1621.61,20.02,352.71,667.04,74047.18,2856817.1
2020,Summer,Coarse Cereals,82616.13,1678.85,20.32,352.71,667.04,76268.6,2913953.44
2021,Summer,Coarse Cereals,84268.45,1738.11,20.63,352.71,667.04,78556.66,2972232.51
2022,Summer,Coarse Cereals,85953.82,1799.47,20.94,352.71,667.04,80913.36,3031677.16
2023,Summer,Coarse Cereals,87672.9,1862.99,21.25,352.71,667.04,83340.76,3092310.71
2024,Summer,Coarse Cereals,89426.35,1928.75,21.57,352.71,667.04,85840.98,3154156.92
2025,Summer,Coarse Cereals,91214.88,1996.84,21.89,352.71,667.04,88416.21,3217240.06
2026,Summer,Coarse Cereals,93039.18,2067.32,22.22,352.71,667.04,91068.7,3281584.86
2027,Summer,Coarse Cereals,94899.96,2140.3,22.55,352.71,667.04,93800.76,3347216.56
2028,Summer,Coarse Cereals,96797.96,2215.85,22.89,352.71,667.04,96614.78,3414160.89
2029,Summer,Coarse Cereals,98733.92,2294.07,23.23,352.71,667.04,99513.22,3482444.11
2030,Summer,Coarse Cereals,100708.6,2375.05,23.58,352.71,667.04,102498.62,3552092.99
2031,Summer,Coarse Cereals,102722.77,2458.89,23.94,352.71,667.04,105573.58,3623134.85
2032,Summer,Coarse Cereals,104777.23,2545.69,24.3,352.71,667.04,108740.78,3695597.55
2033,Summer,Coarse Cereals,106872.77,2635.56,24.66,352.71,667.04,112003.01,3769509.5
2034,Summer,Coarse Cereals,109010.23,2728.59,25.03,352.71,667.04,115363.1,3844899.69
2035,Summer,Coarse Cereals,111190.43,2824.91,25.41,352.71,667.04,118823.99,3921797.68
2036,Summer,Coarse Cereals,113414.24,2924.63,25.79,352.71,667.04,122388.71,4000233.63
2037,Summer,Coarse Cereals,115682.52,3027.87,26.17,352.71,667.04,126060.37,4080238.31
2038,Summer,Coarse Cereals,117996.17,3134.75,26.57,352.71,667.04,129842.18,4161843.07
2039,Summer,Coarse Cereals,120356.1,3245.41,26.97,352.71,667.04,133737.45,4245079.93
2040,Summer,Coarse Cereals,122763.22,3359.97,27.37,352.71,667.04,137749.57,4329981.53
2041,Summer,Coarse Cereals,125218.48,3478.58,27.78,352.71,667.04,141882.06,4416581.16
2042,Summer,Coarse Cereals,127722.85,3601.37,28.2,352.71,667.04,146138.52,4504912.79
2043,Summer,Coarse Cereals,130277.31,3728.5,28.62,352.71,667.04,150522.68,4595011.04
2044,Summer,Coarse Cereals,132882.86,3860.12,29.05,352.71,667.04,155038.36,4686911.26
2045,Summer,Coarse Cereals,135540.51,3996.38,29.48,352.71,667.04,159689.51,4780649.49
2046,Summer,Coarse Cereals,138251.32,4137.45,29.93,352.71,667.04,164480.19,4876262.48
2047,Summer,Coarse Cereals,141016.35,4283.5,30.38,352.71,667.04,169414.6,4973787.73
2048,Summer,Coarse Cereals,143836.68,4434.71,30.83,352.71,667.04,174497.04,5073263.48
2049,Summer,Coarse Cereals,146713.41,4591.26,31.29,352.71,667.04,179731.95,5174728.75
2050,Summer,Coarse Cereals,149647.68,4753.33,31.76,352.71,667.04,185123.91,5278223.33
2010,Summer,Cotton,1495.0,-38.21,-25.56,506.48,258.9,25361.0,75718.76
2011,Summer,Cotton,1524.9,-39.56,-25.94,506.48,258.9,26121.83,77233.14
2012,Summer,Cotton,1555.4,-40.96,-26.33,506.48,258.9,26905.48,78777.8
2013,Summer,Cotton,1586.51,-42.4,-26.73,506.48,258.9,27712.65,80353.35
2014,Summer,Cotton,1618.24,-43.9,-27.13,506.48,258.9,28544.03,81960.42
2015,Summer,Cotton,1650.6,-45.45,-27.54,506.48,258.9,29400.35,83599.63
2016,Summer,Cotton,1683.61,-47.05,-27.95,506.48,258.9,30282.36,85271.62
2017,Summer,Cotton,1717.29,-48.72,-28.37,506.48,258.9,31190.83,86977.05
2018,Summer,Cotton,1751.63,-50.43,-28.79,506.48,258.9,32126.56,88716.6
2019,Summer,Cotton,1786.66,-52.22,-29.23,506.48,258.9,33090.35,90490.93
2020,Summer,Cotton,1822.4,-54.06,-29.66,506.48,258.9,34083.06,92300.75
2021,Summer,Cotton,1858.84,-55.97,-30.11,506.48,258.9,35105.56,94146.76
2022,Summer,Cotton,1896.02,-57.94,-30.56,506.48,258.9,36158.72,96029.7
2023,Summer,Cotton,1933.94,-59.99,-31.02,506.48,258.9,37243.48,97950.29
2024,Summer,Cotton,1972.62,-62.11,-31.48,506.48,258.9,38360.79,99909.3
2025,Summer,Cotton,2012.07,-64.3,-31.96,506.48,258.9,39511.61,101907.48
2026,Summer,Cotton,2052.31,-66.57,-32.44,506.48,258.9,40696.96,103945.63
2027,Summer,Cotton,2093.36,-68.92,-32.92,506.48,258.9,41917.87,106024.54
2028,Summer,Cotton,2135.23,-71.35,-33.42,506.48,258.9,43175.4,108145.03
2029,Summer,Cotton,2177.93,-73.87,-33.92,506.48,258.9,44470.67,110307.94
2030,Summer,Cotton,2221.49,-76.48,-34.43,506.48,258.9,45804.79,112514.09
2031,Summer,Cotton,2265.92,-79.18,-34.94,506.48,258.9,47178.93,114764.38
2032,Summer,Cotton,2311.24,-81.97,-35.47,506.48,258.9,48594.3,117059.66
2033,Summer,Cotton,2357.46,-84.86,-36.0,506.48,258.9,50052.13,119400.86
2034,Summer,Cotton,2404.61,-87.86,-36.54,506.48,258.9,51553.69,121788.87
2035,Summer,Cotton,2452.71,-90.96,-37.09,506.48,258.9,53100.3,124224.65
2036,Summer,Cotton,2501.76,-94.17,-37.64,506.48,258.9,54693.31,126709.14
2037,Summer,Cotton,2551.8,-97.5,-38.21,506.48,258.9,56334.11,129243.33
2038,Summer,Cotton,2602.83,-100.94,-38.78,506.48,258.9,58024.13,131828.19
2039,Summer,Cotton,2654.89,-104.5,-39.36,506.48,258.9,59764.86,134464.76
2040,Summer,Cotton,2707.99,-108.19,-39.95,506.48,258.9,61557.8,137154.05
2041,Summer,Cotton,2762.15,-112.01,-40.55,506.48,258.9,63404.54,139897.13
2042,Summer,Cotton,2817.39,-115.96,-41.16,506.48,258.9,65306.67,142695.08
2043,Summer,Cotton,2873.74,-120.06,-41.78,506.48,258.9,67265.87,145548.98
2044,Summer,Cotton,2931.21,-124.29,-42.4,506.48,258.9,69283.85,148459.96
2045,Summer,Cotton,2989.83,-128.68,-43.04,506.48,258.9,71362.37,151429.16
2046,Summer,Cotton,3049.63,-133.23,-43.69,506.48,258.9,73503.24,154457.74
2047,Summer,Cotton,3110.62,-137.93,-44.34,506.48,258.9,75708.33,157546.9
2048,Summer,Cotton,3172.84,-142.8,-45.01,506.48,258.9,77979.58,160697.83
2049,Summer,Cotton,3236.29,-147.84,-45.68,506.48,258.9,80318.97,163911.79
2050,Summer,Cotton,3301.02,-153.06,-46.37,506.48,258.9,82728.54,167190.03
2010,Summer,Fruit crop,12862.0,750.24,58.33,597.67,880.45,71013.0,768723.15
2011,Summer,Fruit crop,13119.24,776.72,59.2,597.67,880.45,73143.39,784097.62
2012,Summer,Fruit crop,13381.62,804.14,60.09,597.67,880.45,75337.69,799779.57
2013,Summer,Fruit crop,13649.26,832.53,60.99,597.67,880.45,77597.82,815775.16
2014,Summer,Fruit crop,13922.24,861.92,61.91,597.67,880.45,79925.76,832090.66
2015,Summer,Fruit crop,14200.69,892.34,62.84,597.67,880.45,82323.53,848732.48
2016,Summer,Fruit crop,14484.7,923.84,63.78,597.67,880.45,84793.24,865707.13
2017,Summer,Fruit crop,14774.4,956.45,64.74,597.67,880.45,87337.03,883021.27
2018,Summer,Fruit crop,15069.88,990.22,65.71,597.67,880.45,89957.14,900681.69
2019,Summer,Fruit crop,15371.28,1025.17,66.69,597.67,880.45,92655.86,918695.33
2020,Summer,Fruit crop,15678.71,1061.36,67.69,597.67,880.45,95435.53,937069.24
2021,Summer,Fruit crop,15992.28,1098.83,68.71,597.67,880.45,98298.6,955810.62
2022,Summer,Fruit crop,16312.13,1137.61,69.74,597.67,880.45,101247.56,974926.83
2023,Summer,Fruit crop,16638.37,1177.77,70.79,597.67,880.45,104284.98,994425.37
2024,Summer,Fruit crop,16971.14,1219.35,71.85,597.67,880.45,107413.53,1014313.88
2025,Summer,Fruit crop,17310.56,1262.39,72.93,597.67,880.45,110635.94,1034600.15
2026,Summer,Fruit crop,17656.77,1306.95,74.02,597.67,880.45,113955.02,1055292.16
2027,Summer,Fruit crop,18009.91,1353.09,75.13,597.67,880.45,117373.67,1076398.0
2028,Summer,Fruit crop,18370.1,1400.85,76.26,597.67,880.45,120894.88,1097925.96
2029,Summer,Fruit crop,18737.51,1450.3,77.4,597.67,880.45,124521.73,1119884.48
2030,Summer,Fruit crop,19112.26,1501.5,78.56,597.67,880.45,128257.38,1142282.17
2031,Summer,Fruit crop,19494.5,1554.5,79.74,597.67,880.45,132105.1,1165127.81
2032,Summer,Fruit crop,19884.39,1609.37,80.94,597.67,880.45,136068.25,1188430.37
2033,Summer,Fruit crop,20282.08,1666.19,82.15,597.67,880.45,140150.3,1212198.98
2034,Summer,Fruit crop,20687.72,1725.0,83.38,597.67,880.45,144354.81,1236442.96
2035,Summer,Fruit crop,21101.47,1785.89,84.63,597.67,880.45,148685.45,1261171.81
2036,Summer,Fruit crop,21523.5,1848.94,85.9,597.67,880.45,153146.02,1286395.25
2037,Summer,Fruit crop,21953.97,1914.2,87.19,597.67,880.45,157740.4,1312123.16
2038,Summer,Fruit crop,22393.05,1981.78,88.5,597.67,880.45,162472.61,1338365.62
2039,Summer,Fruit crop,22840.91,2051.73,89.83,597.67,880.45,167346.79,1365132.93
2040,Summer,Fruit crop,23297.73,2124.16,91.17,597.67,880.45,172367.19,1392435.59
2041,Summer,Fruit crop,23763.69,2199.14,92.54,597.67,880.45,177538.21,1420284.3
2042,Summer,Fruit crop,24238.96,2276.77,93.93,597.67,880.45,182864.35,1448689.99
2043,Summer,Fruit crop,24723.74,2357.14,95.34,597.67,880.45,188350.28,1477663.79
2044,Summer,Fruit crop,25218.22,2440.35,96.77,597.67,880.45,194000.79,1507217.06
2045,Summer,Fruit crop,25722.58,2526.49,98.22,597.67,880.45,199820.81,1537361.4
2046,Summer,Fruit crop,26237.03,2615.68,99.69,597.67,880.45,205815.44,1568108.63
2047,Summer,Fruit crop,26761.77,2708.01,101.19,597.67,880.45,211989.9,1599470.81
2048,Summer,Fruit crop,27297.01,2803.6,102.71,597.67,880.45,218349.6,1631460.22
2049,Summer,Fruit crop,27842.95,2902.57,104.25,597.67,880.45,224900.09,1664089.43
2050,Summer,Fruit crop,28399.81,3005.03,105.81,597.67,880.45,231647.09,1697371.21
2010,Summer,Oil Seeds,36364.0,253.09,6.96,314.39,672.75,45512.0,1143247.8
2011,Summer,Oil Seeds,37091.28,262.03,7.06,314.39,672.75,46877.36,1166112.75
2012,Summer,Oil Seeds,37833.11,271.28,7.17,314.39,672.75,48283.68,1189435.01
2013,Summer,Oil Seeds,38589.77,280.85,7.28,314.39,672.75,49732.19,1213223.71
2014,Summer,Oil Seeds,39361.56,290.77,7.39,314.39,672.75,51224.16,1237488.18
2015,Summer,Oil Seeds,40148.79,301.03,7.5,314.39,672.75,52760.88,1262237.94
2016,Summer,Oil Seeds,40951.77,311.66,7.61,314.39,672.75,54343.71,1287482.7
2017,Summer,Oil Seeds,41770.81,322.66,7.72,314.39,672.75,55974.02,1313232.36
2018,Summer,Oil Seeds,42606.22,334.05,7.84,314.39,672.75,57653.24,1339497.0
2019,Summer,Oil Seeds,43458.35,345.84,7.96,314.39,672.75,59382.84,1366286.95
2020,Summer,Oil Seeds,44327.51,358.05,8.08,314.39,672.75,61164.32,1393612.68
2021,Summer,Oil Seeds,45214.06,370.69,8.2,314.39,672.75,62999.25,1421484.94
2022,Summer,Oil Seeds,46118.34,383.77,8.32,314.39,672.75,64889.23,1449914.64
2023,Summer,Oil Seeds,47040.71,397.32,8.45,314.39,672.75,66835.91,1478912.93
2024,Summer,Oil Seeds,47981.53,411.35,8.57,314.39,672.75,68840.98,1508491.19
2025,Summer,Oil Seeds,48941.16,425.87,8.7,314.39,672.75,70906.21,1538661.01
2026,Summer,Oil Seeds,49919.98,440.9,8.83,314.39,672.75,73033.4,1569434.23
2027,Summer,Oil Seeds,50918.38,456.46,8.96,314.39,672.75,75224.4,1600822.92
2028,Summer,Oil Seeds,51936.75,472.58,9.1,314.39,672.75,77481.13,1632839.37
2029,Summer,Oil Seeds,52975.48,489.26,9.24,314.39,672.75,79805.57,1665496.16
2030,Summer,Oil Seeds,54034.99,506.53,9.37,314.39,672.75,82199.73,1698806.09
2031,Summer,Oil Seeds,55115.69,524.41,9.51,314.39,672.75,84665.73,1732782.21
2032,Summer,Oil Seeds,56218.0,542.92,9.66,314.39,672.75,87205.7,1767437.85
2033,Summer,Oil Seeds,57342.36,562.09,9.8,314.39,672.75,89821.87,1802786.61
2034,Summer,Oil Seeds,58489.21,581.93,9.95,314.39,672.75,92516.53,1838842.34
2035,Summer,Oil Seeds,59659.0,602.47,10.1,314.39,672.75,95292.02,1875619.19
2036,Summer,Oil Seeds,60852.18,623.74,10.25,314.39,672.75,98150.78,1913131.57
2037,Summer,Oil Seeds,62069.22,645.76,10.4,314.39,672.75,101095.31,1951394.2
2038,Summer,Oil Seeds,63310.6,668.55,10.56,314.39,672.75,104128.16,1990422.09
2039,Summer,Oil Seeds,64576.82,692.15,10.72,314.39,672.75,107252.01,2030230.53
2040,Summer,Oil Seeds,65868.35,716.58,10.88,314.39,672.75,110469.57,2070835.14
2041,Summer,Oil Seeds,67185.72,741.88,11.04,314.39,672.75,113783.66,2112251.84
2042,Summer,Oil Seeds,68529.43,768.07,11.21,314.39,672.75,117197.17,2154496.88
2043,Summer,Oil Seeds,69900.02,795.18,11.38,314.39,672.75,120713.08,2197586.82
2044,Summer,Oil Seeds,71298.02,823.25,11.55,314.39,672.75,124334.47,2241538.55
2045,Summer,Oil Seeds,72723.98,852.31,11.72,314.39,672.75,128064.51,2286369.32
2046,Summer,Oil Seeds,74178.46,882.4,11.9,314.39,672.75,131906.44,2332096.71
2047,Summer,Oil Seeds,75662.03,913.55,12.07,314.39,672.75,135863.64,2378738.64
2048,Summer,Oil Seeds,77175.27,945.8,12.26,314.39,672.75,139939.55,2426313.42
2049,Summer,Oil Seeds,78718.78,979.18,12.44,314.39,672.75,144137.73,2474839.69
2050,Summer,Oil Seeds,80293.15,1013.75,12.63,314.39,672.75,148461.86,2524336.48
2010,Summer,Pulses,15371.0,72.7,4.73,312.87,463.89,53062.0,480912.48
2011,Summer,Pulses,15678.42,75.27,4.8,312.87,463.89,54653.86,490530.73
2012,Summer,Pulses,15991.99,77.93,4.87,312.87,463.89,56293.48,500341.34
2013,Summer,Pulses,16311.83,80.68,4.95,312.87,463.89,57982.28,510348.17
2014,Summer,Pulses,16638.06,83.53,5.02,312.87,463.89,59721.75,520555.13
2015,Summer,Pulses,16970.83,86.48,5.1,312.87,463.89,61513.4,530966.23
2016,Summer,Pulses,17310.24,89.53,5.17,312.87,463.89,63358.8,541585.56
2017,Summer,Pulses,17656.45,92.69,5.25,312.87,463.89,65259.57,552417.27
2018,Summer,Pulses,18009.58,95.96,5.33,312.87,463.89,67217.35,563465.62
2019,Summer,Pulses,18369.77,99.35,5.41,312.87,463.89,69233.87,574734.93
2020,Summer,Pulses,18737.16,102.85,5.49,312.87,463.89,71310.89,586229.63
2021,Summer,Pulses,19111.91,106.49,5.57,312.87,463.89,73450.22,597954.22
2022,Summer,Pulses,19494.14,110.24,5.66,312.87,463.89,75653.72,609913.3
2023,Summer,Pulses,19884.03,114.14,5.74,312.87,463.89,77923.34,622111.57
2024,Summer,Pulses,20281.71,118.17,5.83,312.87,463.89,80261.04,634553.8
2025,Summer,Pulses,20687.34,122.34,5.91,312.87,463.89,82668.87,647244.88
2026,Summer,Pulses,21101.09,126.66,6.0,312.87,463.89,85148.93,660189.77
2027,Summer,Pulses,21523.11,131.13,6.09,312.87,463.89,87703.4,673393.57
2028,Summer,Pulses,21953.57,135.75,6.18,312.87,463.89,90334.5,686861.44
2029,Summer,Pulses,22392.64,140.55,6.28,312.87,463.89,93044.54,700598.67
2030,Summer,Pulses,22840.5,145.51,6.37,312.87,463.89,95835.87,714610.64
2031,Summer,Pulses,23297.31,150.64,6.47,312.87,463.89,98710.95,728902.86
2032,Summer,Pulses,23763.25,155.96,6.56,312.87,463.89,101672.28,743480.91
2033,Summer,Pulses,24238.52,161.47,6.66,312.87,463.89,104722.45,758350.53
2034,Summer,Pulses,24723.29,167.17,6.76,312.87,463.89,107864.12,773517.54
2035,Summer,Pulses,25217.75,173.07,6.86,312.87,463.89,111100.04,788987.89
2036,Summer,Pulses,25722.11,179.18,6.97,312.87,463.89,114433.05,804767.65
2037,Summer,Pulses,26236.55,185.5,7.07,312.87,463.89,117866.04,820863.0
2038,Summer,Pulses,26761.28,192.05,7.18,312.87,463.89,121402.02,837280.26
2039,Summer,Pulses,27296.51,198.83,7.28,312.87,463.89,125044.08,854025.87
2040,Summer,Pulses,27842.44,205.85,7.39,312.87,463.89,128795.4,871106.39
2041,Summer,Pulses,28399.29,213.12,7.5,312.87,463.89,132659.26,888528.51
2042,Summer,Pulses,28967.27,220.64,7.62,312.87,463.89,136639.04,906299.08
2043,Summer,Pulses,29546.62,228.43,7.73,312.87,463.89,140738.21,924425.07
2044,Summer,Pulses,30137.55,236.49,7.85,312.87,463.89,144960.36,942913.57
2045,Summer,Pulses,30740.3,244.84,7.96,312.87,463.89,149309.17,961771.84
2046,Summer,Pulses,31355.11,253.48,8.08,312.87,463.89,153788.44,981007.28
2047,Summer,Pulses,31982.21,262.43,8.21,312.87,463.89,158402.1,1000627.42
2048,Summer,Pulses,32621.85,271.69,8.33,312.87,463.89,163154.16,1020639.97
2049,Summer,Pulses,33274.29,281.28,8.45,312.87,463.89,168048.79,1041052.77
2050,Summer,Pulses,33939.78,291.21,8.58,312.87,463.89,173090.25,1061873.82
2010,Summer,Vegetables,15242.0,1510.63,99.11,584.14,766.69,75576.0,890346.19
2011,Summer,Vegetables,15546.84,1563.96,100.6,584.14,766.69,77843.28,908153.11
2012,Summer,Vegetables,15857.78,1619.17,102.11,584.14,766.69,80178.58,926316.17
2013,Summer,Vegetables,16174.93,1676.32,103.64,584.14,766.69,82583.94,944842.5
2014,Summer,Vegetables,16498.43,1735.5,105.19,584.14,766.69,85061.45,963739.35
2015,Summer,Vegetables,16828.4,1796.76,106.77,584.14,766.69,87613.3,983014.13
2016,Summer,Vegetables,17164.97,1860.19,108.37,584.14,766.69,90241.7,1002674.42
2017,Summer,Vegetables,17508.27,1925.85,110.0,584.14,766.69,92948.95,1022727.91
2018,Summer,Vegetables,17858.43,1993.83,111.65,584.14,766.69,95737.42,1043182.46
2019,Summer,Vegetables,18215.6,2064.22,113.32,584.14,766.69,98609.54,1064046.11
2020,Summer,Vegetables,18579.91,2137.08,115.02,584.14,766.69,101567.82,1085327.04
2021,Summer,Vegetables,18951.51,2212.52,116.75,584.14,766.69,104614.86,1107033.58
2022,Summer,Vegetables,19330.54,2290.63,118.5,584.14,766.69,107753.3,1129174.25
2023,Summer,Vegetables,19717.15,2371.48,120.28,584.14,766.69,110985.9,1151757.73
2024,Summer,Vegetables,20111.5,2455.2,122.08,584.14,766.69,114315.48,1174792.89
2025,Summer,Vegetables,20513.73,2541.87,123.91,584.14,766.69,117744.95,1198288.74
2026,Summer,Vegetables,20924.0,2631.59,125.77,584.14,766.69,121277.29,1222254.52
2027,Summer,Vegetables,21342.48,2724.49,127.66,584.14,766.69,124915.61,1246699.61
2028,Summer,Vegetables,21769.33,2820.66,129.57,584.14,766.69,128663.08,1271633.6
2029,Summer,Vegetables,22204.72,2920.23,131.51,584.14,766.69,132522.97,1297066.27
2030,Summer,Vegetables,22648.81,3023.32,133.49,584.14,766.69,136498.66,1323007.6
2031,Summer,Vegetables,23101.79,3130.04,135.49,584.14,766.69,140593.62,1349467.75
2032,Summer,Vegetables,23563.82,3240.53,137.52,584.14,766.69,144811.43,1376457.11
2033,Summer,Vegetables,24035.1,3354.92,139.58,584.14,766.69,149155.77,1403986.25
2034,Summer,Vegetables,24515.8,3473.35,141.68,584.14,766.69,153630.45,1432065.97
2035,Summer,Vegetables,25006.12,3595.96,143.8,584.14,766.69,158239.36,1460707.29
2036,Summer,Vegetables,25506.24,3722.9,145.96,584.14,766.69,162986.54,1489921.44
2037,Summer,Vegetables,26016.36,3854.32,148.15,584.14,766.69,167876.14,1519719.87
2038,Summer,Vegetables,26536.69,3990.37,150.37,584.14,766.69,172912.42,1550114.27
2039,Summer,Vegetables,27067.42,4131.23,152.63,584.14,766.69,178099.79,1581116.55
2040,Summer,Vegetables,27608.77,4277.07,154.92,584.14,766.69,183442.79,1612738.88
2041,Summer,Vegetables,28160.95,4428.05,157.24,584.14,766.69,188946.07,1644993.66
2042,Summer,Vegetables,28724.17,4584.36,159.6,584.14,766.69,194614.45,1677893.53
2043,Summer,Vegetables,29298.65,4746.18,161.99,584.14,766.69,200452.89,1711451.4
2044,Summer,Vegetables,29884.62,4913.72,164.42,584.14,766.69,206466.47,1745680.43
2045,Summer,Vegetables,30482.32,5087.18,166.89,584.14,766.69,212660.47,1780594.04
2046,Summer,Vegetables,31091.96,5266.76,169.39,584.14,766.69,219040.28,1816205.92
2047,Summer,Vegetables,31713.8,5452.67,171.93,584.14,766.69,225611.49,1852530.04
2048,Summer,Vegetables,32348.08,5645.15,174.51,584.14,766.69,232379.84,1889580.64
2049,Summer,Vegetables,32995.04,5844.42,177.13,584.14,766.69,239351.23,1927372.25
2050,Summer,Vegetables,33654.94,6050.73,179.79,584.14,766.69,246531.77,1965919.7
